职位名称,薪资,工作经验,更新时间,学历要求,岗位评分,福利,公司名称,公司规模,公司类型,岗位链接,公司链接,公司地址,职位详情
15-20K：高级程序员/软件开发/.net/C#（港资公司）,15K-20K,3-5年,2019-08-20 11:05:54,本科,11,"五险一金,年底双薪,加班补助,全勤奖,带薪年假",上海中原物业顾问有限公司,10000人以上,外商独资,https://jobs.zhaopin.com/CC133675644J00407323505.htm,https://company.zhaopin.com/CZ133675640.htm,鲁能国际中心C座18楼,"1、年龄：28-36岁；2、专业：本科以上学历,计算机或相关专业；3、知识技能：3.1、精通C#，熟练使用VS.NET 2003、VS.NET2008、VS.NET 2012、3.2、熟练使用主流数据库sqlserver 2000、sqlserver2008、mysql、oracle3.2、熟练使用主流数据库sqlserver 2000、sqlserver2008、mysql、oracle3.3、编写高效的sql脚本、视图、存储过程3.4、熟练使用div、javascript、css、html3.5、熟练使用常用代码管理工具sourcesafe、svn3.6、熟悉MVC架构3.7、熟悉项目管理的基本流程：需求、开发、测试、代码review、风险控制等环节3.8、了解工作流的基本原理、使用过K2工作软件进行开发3.9、了解人事管理软件的业务知识4、工作经验：4.1、 3年以上大型项目开发经验5、素质要求：5.1、具备良好的沟通协调能力、组织能力、表达能力、较强的执行力；5.2、良好的团队精神，工作积极主动、责任心强；5.3、能够有吃苦肯钻研的精神(一) 主要工作职责：1、负责客户需求的沟通、开发2、负责数据库的性能优化和代码优化联系方式：应聘邮箱：************************"
数据分析及开发工程师（Python）,10K-16K,1-3年,2019-08-19 09:05:37,本科,12,"五险一金,年底双薪,带薪年假",上海喜士多便利连锁有限公司,1000-9999人,民营,https://jobs.zhaopin.com/CC000584094J00315376302.htm,https://company.zhaopin.com/CZ000584090.htm,上海市静安区江场三路301号5楼,工作描述：1、根据业务单位需求完成数据收集和整理；2、配合大数据分析师完成数据处理算法和应用的开发；3、研究当前成熟的AI技术对公司业务改善的可行性；岗位要求:1、计算机相关专业，精通python编程；2、对自然语言处理有兴趣；3、可以设计编写爬虫软件收集互联网数据，最好有一定的大数据处理经验。4、熟悉关系型数据库（Oracle/MySQL）和SQL语法；5、有良好的代码编写和管理习惯，熟悉一种主流的版本控制系统（SVN/Git）；6、善与人沟通、责任心强、具有团队合作精神、具备良好的自学能力和独立思考解决问题的能力。联系方式：杨小姐 ①③⑥⑥①⑨⑧⑥⑧②⑥
Python工程师,6K-8K,不限,2019-08-20 15:54:50,大专,587,"五险一金,年底双薪,包吃,包住,带薪年假",上海集钢电子商务有限公司,100-499人,民营,https://jobs.zhaopin.com/399612635356609.htm,https://company.zhaopin.com/CZ399612630.htm,就近安排,岗位职责:1.后端实现，保障稳定性、性能。包括需求分析分解、设计、开发;2.与产品其他部分联动，使用规范的流程思维，定义接口设计并跟进完成;3.处理服务端开发中的常见问题;任职要求:1.计算机等相关专业的专科以上学历；2.熟练使用 Python 及 Linux环境，Redis、MySQL数据；3.熟悉敏捷开发；4.具备良好的团队合作和沟通能力，具备良好的学习钻研能力；5.优越的办公环境，朝九晚六周末双休，提供企业级的岗前培养福利；
Python工程师,6K-8K,不限,2019-08-20 15:58:54,大专,586,"五险一金,绩效奖金,节日福利,交通补助,年底双薪",上海怡胜信息科技有限公司,100-499人,民营,https://jobs.zhaopin.com/413814238255430.htm,https://company.zhaopin.com/CZ413814230.htm,就近安排,岗位职责:1.后端实现，保障稳定性、性能。包括需求分析分解、设计、开发;2.与产品其他部分联动，使用规范的流程思维，定义接口设计并跟进完成;3.处理服务端开发中的常见问题;任职要求:1.计算机等相关专业的专科以上学历；2.熟练使用 Python 及 Linux环境，Redis、MySQL数据；3.熟悉敏捷开发；4.具备良好的团队合作和沟通能力，具备良好的学习钻研能力；5.优越的办公环境，朝九晚六周末双休，提供企业级的岗前培养福利；
高级python开发工程师,25K-40K,5-10年,2019-08-20 17:16:40,本科,569,"五险一金,绩效奖金,全勤奖,餐补,带薪年假",上海有孚网络股份有限公司,100-499人,民营,https://jobs.zhaopin.com/CC000636993J00233315504.htm,http://special.zhaopin.com/sh/2013/11214/yovole022078,上海市杨浦区国定路323号3号楼12楼,"职位描述1.根据产品或项目的要求，参与业务分析和系统设计；2.完成编程、调试和单元测试工作；3.负责相关开发文档的编写；职位要求1.本科以上学历，计算机相关专业毕业；2个以上完整项目经验；2.有至少三年以上Python开发经验，能独立解决开发过程中遇到的各种问题；3.熟悉Django,了解HTTP协议,有Web应用程序开发经验;4.了解数据库原理,至少熟悉MySQL数据库,至少了解一种NoSQL数据库;5.熟悉Linux,对CentOS有深入了解;6.熟悉TCP/IP协议,有网络服务编程经验者优先;7.有丰富数据库使用经验者优先;8.有JAVA开发经验者优先；9.良好的编码风格和编程习惯，对高质量的代码有执着的追求;熟练掌握SVN，Git等代码版本管理工具的试用;10.良好的团队精神和沟通能力，高度的事业心和责任感，工作认真负责，具有良好的职业操守。"
Python开发工程师,9K-15K,1-3年,2019-08-20 17:12:04,本科,560,"五险一金,餐补,通讯补助,弹性工作,高温补贴",上海云深网络技术有限公司,20-99人,民营,https://jobs.zhaopin.com/547768720250078.htm,https://company.zhaopin.com/CZ547768720.htm,上海市浦东新区盛荣路88弄盛大天地源创谷2号楼201室,[职位描述]1. 参与产品需求分析和评审；2. 负责模型设计、详细设计和接口设计与评审；3. 编码实现功能需求，修复Bug缺陷和代码评审；4. 编写自动化测试用例。[职位要求]1. 全日制大学本科及以上学历，计算机相关专业；2. 至少一年及以上Python开发经验，有良好的编程能力；3. 熟练使用SQL，熟悉PostgreSQL、MySQL等数据库；4. 熟悉pep8规范，有良好的编程风格；5. 具有良好沟通能力、学习能力和团队协作能力，责任心强，积极主动，工作细致认真，有耐心。6. 实习生岗位开放，欢迎计算机或相关专业的全日制在校同学申请。【工作待遇】公司福利： 绩效奖金、交通、通讯和餐费补贴、手机补贴、节假日补贴、团队聚餐，旅游活动、免费零食，五险一金，享受国家法定福利入职高配： Apple苹果电脑【工作地点】上海市浦东新区
初级python工程师,8K-10K,1-3年,2019-08-20 18:04:08,本科,559,"带薪年假,通讯补助,定期体检,节日福利,员工旅游",上海浦东软件园信息技术股份有限公司,20-99人,股份制企业,https://jobs.zhaopin.com/CC120720281J00198305105.htm,https://company.zhaopin.com/CZ120720280.htm,上海浦东新区祖冲之路1505弄100号3幢4C,"岗位职责:负责后端系统的开发；爬虫开发岗位要求：1、熟悉python，具有Flask的线上项目经验，有WEB开发工作经验为佳；2、熟悉使用Git进行代码版本管理；3、习惯在Linux/Unix下进行日常开发，了解Linux下的服务器级应用程序，如Nginx,MySQL/Postgresql,Redis, ES等；4、熟悉MySQL或Postgresql,熟悉使用ORM框架；5、熟悉HTTP协议，了解RESTful；6、熟悉scrapy、selenium优先考虑；了解一些自动化测试方法及工具者、了解自动化部署并有实际使用经验者优先考虑；7、具备清晰的逻辑思维能力，擅长处理业务逻辑；8、具备较强的自学能力，好奇心强，善于沟通，有团队协作意识。工作地址上海浦东新区祖冲之路1505弄100号3幢4C"
python后端工程师,10K-15K,1-3年,2019-08-20 18:04:08,本科,558,"交通补助,带薪年假,通讯补助,定期体检,节日福利",上海浦东软件园信息技术股份有限公司,20-99人,股份制企业,https://jobs.zhaopin.com/CC120720281J00206374705.htm,https://company.zhaopin.com/CZ120720280.htm,上海浦东新区祖冲之路1505弄100号3幢4C,"岗位职责:-负责后端系统的开发；岗位要求：1、3年以上WEB开发工作经验，1年以上Python开发，熟悉python并使用Flask开发过一个项目以上;2、必须熟悉使用Git进行代码版本管理;3、必须熟悉并习惯在Linux/Unix下进行日常开发，了解Linux下的服务器级应用程序，如Nginx,MySQL/Postgresql, Redis, ES等;4、熟悉MySQL或Postgresql,了解ORM，能够编写DDL，DML；5、熟悉HTTP协议，了解RESTful；6、了解自动化部署并有实际使用经验者优先考虑；7、了解一些自动化测试方法及工具，熟悉BDD/ATDD、TDD开发模式并有实际使用开发者优先考虑；8、了解敏捷开发并能够接受者优先考虑；9、具备清晰的逻辑思维能力，擅长处理业务逻辑；10、具备较强的自学能力，好奇心强，善于沟通，有团队协作意识。"
Python数据分析工程师-ADAS,13K-22K,不限,2019-08-20 11:13:26,本科,555,"五险一金,全额公积金,定期体检,餐补,周末双休",北京经纬恒润科技有限公司海淀分公司,1000-9999人,民营,https://jobs.zhaopin.com/CC443446127J00156572213.htm,https://company.zhaopin.com/CZ443446120.htm,北京市海淀区知春路7号致真大厦D座6层,岗位职责：1. 负责底层数据库配置文件以及二进制数据的解析与写入；2. 负责流式数据服务器的设计与搭建；3. 负责流式数据分析架构的设计与开发。任职要求：1. 本科及以上学历，计算机、汽车、控制或相关专业；2. 3年以上Python/C++/C开发经验，包含至少 1年以上的数据分析相关经验；3. 对MySQL及任意一个NoSQL有深入的了解；4. 做事具有条理性，具有良好的自学能力、分析问题以及解决问题的能力；5. 熟练掌握多进程/多线程技术，具有大规模分布式系统开发经验者，从事过汽车电子相关工作优先。
Python/Odoo高级开发工程师,10K-20K,1-3年,2019-08-20 16:25:26,大专,554,"五险一金,绩效奖金,年终分红,加班补助,通讯补助",上海企通软件有限公司,20-99人,民营,https://jobs.zhaopin.com/137771372250422.htm,https://company.zhaopin.com/CZ137771370.htm,上海市浦东南路2250号创智B座408室,"职位描述：1、用Python开发Odoo（OpenERP）客制化新模块；2、实现Odoo和其他系统的接口，比如电商平台、财务软件或ERP（SAP/金蝶/用友）等；3、以Odoo作为平台开发前端网站；4、负责设计文档、技术文档、用户文档、实施文档的编写；5、对前瞻技术研究，站在用户体验角度提出产品改善意见；6、负责成员技术培训及指导。岗位要求：1、3年以上Python/Odoo开发经验，精通Python编程，掌握Python的高效写法；2、熟悉Odoo框架，了解Odoo使用的基本Python库，能熟练的对Odoo (OpenERP)进行二次开发的优先考虑；3、熟悉JavaScript，熟悉Linux操作系统，熟练掌握Shell脚本语言；熟悉使用git等代码管理工具；4、熟悉PostgreSQL数据库，能熟练编写sql语句；5、有HTML 5, CSS 3前端开发经验者优先；6、具备大规模高并发访问的服务集群架构设计和开发经验者优先；7、有钻研问题并解决问题的兴趣和毅力，有团队合作精神、责任心、能接受建议，具备良好的表达和沟通能力。有较强的自学能力和技术攻关能力；8、有一定的英文水平者优先考虑."
python工程师,15K-20K,3-5年,2019-08-20 09:13:38,本科,548,"五险一金,带薪年假,节日福利,周末双休,员工旅游",上海塑盈供应链管理有限公司,100-499人,民营,https://jobs.zhaopin.com/CC827304260J00372537203.htm,https://company.zhaopin.com/CZ827304260.htm,上海市普陀区中山北路2299号中山化工市场2楼,职责描述：1、深入理解业务流程，建立业务数据指标体系与模型；2、对接投研部门需求，基于公司先有的数据建立行情数据库分析系统；3、根据业务需求，进行数据搜集、清洗、分析挖掘工作，完成各期货产品分析报告；4、基于数据，设计调整算法，总结有价值信息，为业务决策、管理等提供支持；5、参与企业数据产品的设计与实现。任职要求：1、精通Python语言，有Web后台服务开发的实际项目经验；2、熟练掌握至少一门Python Web开发框架（Tornado、Django、Flask等)；3、熟悉掌握至少一门Python 爬虫开发框架，精通selenium;4、熟练使用至少一种数据库（MySQL/PostgreSQL/Redis/MongoDB)；5、熟悉常用数据挖掘算法（如分类、聚类、回归等，有pytorch 经验优先）；6、有独立分析和解决问题的能力，有良好的团队合作精神，7、有金融方面开发经验者优先。
python开发工程师,10K-15K,1-3年,2019-08-20 12:47:40,大专,539,"五险一金,年底双薪,股票期权,加班补助,带薪年假",上海金蝙金蝠娱乐咨询管理有限公司,20-99人,民营,https://jobs.zhaopin.com/CC840266840J00383477205.htm,https://company.zhaopin.com/CZ840266840.htm,黄浦区蒙自路169号3号楼202室,岗位要求：1、独立完成支付平台的设计与开发；2、配合团队其他成员进行模块开发及整合；3、维护所负责的支付平台，并不断持续优化功能系统；4、确保所负责的服务模块能够达到产品要求的质量标准（响应、错误率、不间断服务指标）。任职要求：1、全日制统招本科以上学历，硕士更佳，精通python，熟悉flask、Django等主流框架，3年以上python工作经验；2、有3个及以上API接口开发经验，能够熟练使用VUE、HTMIL、CSS等前段技术；3、有Gunicorn、nginx的部署经验；4、熟练操作及设计mysql、oracle数据库;5、对Java有一定了解；6、有良好的代码编写习惯，熟悉使用git等代码管理工具；7、独立解决问题的能力 有良好的团队工作意识 能够承担压力；8、电商平台从业者优先，后台开发经验丰富者优先。
Scratch/Python课程设计师,8K-15K,不限,2019-08-20 10:12:13,本科,538,"带薪年假,节日福利,五险一金,生日福利",立乐教育科技(上海)有限公司,20-99人,合资,https://jobs.zhaopin.com/CC457165781J00377377903.htm,https://company.zhaopin.com/CZ457165780.htm,上海市普陀区祁连山南路2891弄100号盛源科技园D栋4楼406,岗位职责：1、主要负责协助课程设计师团队完成产品的课程开发工作，包括教学案例作品的设计与制作相应的技术文档（教材、手册等）；2、参与编程课程开发工作，研究和设计基于公司产品的课程体系与教学模式。3、支持并提供教学老师在课前、课中以及课后所需的材料。任职资格:1、统招本科及以上学历，师范类、理工类、设计创意类相关专业；2、热爱教育行业及愿意推广编程教育、计算思维教育；3、学习能力、团队合作能力强，对前沿的科技教育有浓厚兴趣；4、具备一定编程基础，熟悉Scratch图形化编程、Python编程者优先。
python开发工程师,15K-20K,1-3年,2019-08-20 13:35:22,本科,536,"五险一金,补充医疗保险,节日福利,弹性工作,绩效奖金",上海华钦瑞成信息技术有限公司,不限,其它,https://jobs.zhaopin.com/CC525555530J00304290702.htm,https://company.zhaopin.com/CZ525555530.htm,浦东新区张江高科,.其中1-2年大数据相关经验，python开发熟练，有spark开发经验加分，熟悉JAVA加分，英语读写熟练，可简单开口要求统招本科，计算机相关专业
python开发,12K-18K,3-5年,2019-08-19 09:12:06,本科,530,"五险一金,带薪年假,交通补助,餐补,定期体检",深圳市网新新思软件有限公司,1000-9999人,上市公司,https://jobs.zhaopin.com/CC469912010J00235437402.htm,https://company.zhaopin.com/CZ469912010.htm,陆家嘴,岗位职责：1、KYM项目因子开发、模型开发2、策略团队衍生指标开发岗位要求：1、参与指标计算开发工作，能熟练运用Python解决业务需求，了解Python性能调优；2、熟练运用SQL，熟悉主流数据库之一：Oracle、MSSQLSever、PostgreSQL、MySQL等主流关系型数据库，具备一定的SQL调优能力；3、熟悉Mongodb等NoSQL数据库，有金融大数据开发经验优先；4、熟悉Linux，了解基本的linux操作命令；·5、具有良好学习能力、分析能力和解决问题的能力；6、能接受加班，主动性强愿意自学，提高自身技术水平7、有金融行业背景者优先此岗位人力外包岗，朝九晚六，双休，13薪，五险一金
爬虫开发工程师（Python）,8K-16K,3-5年,2019-08-20 10:40:39,本科,523,"五险一金,年终分红,餐补,节日福利",苏州万恒达新资产管理有限公司,20人以下,不限,https://jobs.zhaopin.com/CC507517230J00309048404.htm,https://company.zhaopin.com/CZ507517230.htm,上海,岗位职责:1、负责搭建或维护爬虫系统开发网页数据的自动化爬取脚本2、负责数据的抓取、解析、清洗、入库3、研究设计爬虫模板提高扩展性加快开发效率4、持续优化系统提高系统的稳定性5、与大数据工程师对接，完成实时数据与离线数据的爬取与对接任职资格:1、三年以上爬虫开发，内容提取工作，有电商网站抓取经验者优先2、精通网页抓取原理及技术，熟悉基于COOKIE或JWT网站登录原理3、精通Python，对HTTP协议及HTML有深入的了解4、精通正则表达式，DOM，XPath，CSS5、熟悉scrapy，selenium，常用反爬虫策略6、熟悉高并发、高性能的分布式系统设计及应用，有数据库调优，海量数据储存和7、处理经验者优先8、熟悉python开发框架，django或是flask优先9、具备良好的编程习惯和算法基础，具有较强的分析解决问题能力10、学习能力强，有一定的抗压能力，善于沟通和团队协作，乐于分享
python全栈开发工程师,10K-15K,3-5年,2019-08-20 09:29:53,大专,522,"绩效奖金,加班补助,全勤奖,带薪年假,员工旅游",上海欧锐信息咨询有限公司,20-99人,民营,https://jobs.zhaopin.com/CC175981210J00263628102.htm,https://company.zhaopin.com/CZ175981210.htm,隆昌路619号城市概念2号楼B11,"岗位职责：1.领导公司数据可视化项目,具备一定产品经理能力，有爬虫经验；2.负责可视化展示设计的各个维度（如UI设计、可视化组件开发、定制化组件等）；3.清晰、美观和逻辑的表达内容，提供流畅美观并可自定义的数据展示效果，保证兼容性与适应性；4.针对客户的需求修改界面完成快速迭代，满足客户需求。岗位要求:1.熟练使用 python .net2.熟练使用 Flask2.熟悉可视化技术，包括但不限于 Echarts、D3、ighcharts、Threejs、WebGL；3.熟悉模块化、前端编译和构建工具，熟练运用主流的 JS 库和开发框架，例如：ReactJS、VueJS、Webpack等；有VueJS经验者优先4.掌握多种图表控件库，具备表格化、图形化的数据呈现能力5.熟练使用 git、github、linux 等工具;6.有良好的编码习惯, 能够编写清晰, 易于维护的代码;加分项:1.有前端数据可视化开发经验优先2.有 Flask 开发经验优先"
IT培训讲师（Python）,6K-12K,不限,2019-08-20 15:02:03,本科,508,"每年多次调薪,五险一金,绩效奖金,年终分红,带薪年假",中公教育上海分公司,100-499人,民营,https://jobs.zhaopin.com/217000521272877.htm,https://company.zhaopin.com/CZ217000520D00112051711.htm,杨浦区国定东路创业者公共实训基地,"我们需要你：1、完成相关的教学资料（实训大纲、教学PPT、教学用书、教学案例等）的研发工作；2、按照教学规范和教学大纲高质量完成Python课程的授课任务；3、带领学员参加实训并指导学员完成实操项目；4、根据学生及市场需要，高质量完成公开课、讲座、网络直播课等授课任务；5、结合搜索引擎的发展变化，实时改进教学方法，完善教学体系；6、完成课程辅导工作，解答学员课程疑问，保证学员的学习质量；7、配合其它部门和集团完成相关工作。我们只希望你：1、 热爱教育行业，计算机相关专业，大学本科及以上学历，两年或以上工作经验；2、 较好的心理素质，能够承受压力，具有较强的事业心与团队协作精神；3、 表达能力强，声音清晰自然，个性开朗，乐于与人交流；4、 熟练掌握大数据相关算法与数据结构；5、 精通Java语言开发经验，特别是数据库和多线程开发，熟悉常见的Java开发框架及开发能力；6、 熟练掌握Python编程语言与机器学习框架；7、 理解框架的设计思想及实现，具有良好的代码风格、接口设计与程序架构；8、 2年（含）以上对于Hadoop、Hive、Impala, Hbase、Spark、Sqoop有实际的编码能力和海量数据的自动化分析处理项目经验；9、  熟悉主流分布式处理框架，基于Hadoop的数据挖掘、大数据组件开发和封装；10、有一年以上教学经验者优先考虑。当然，我们将给予你丰厚的福利，广阔的发展~来中公，你将拥有：1、薪资标准：根据实际授课能力、面试表现以及学历背景等确定具体薪酬，年薪12万起，上不封顶；2、基本福利：五险一金+带薪假期(年假、婚假、产检假、产假、每天1小时哺乳假)+年终奖+带薪培训+阳光互助基金等；3、文娱福利：年度体检+年度旅游+员工健身房+员工餐厅等；4、特殊福利：工作地点双向选择，31家省级研究院遍布全国范围内，公司会充分尊重员工对工作地点选择的意愿；5、长期激励计划：股权激励；And more......更多精彩等你来~招聘城市：全国省会城市及直辖市"
Python开发,15K-20K,3-5年,2019-08-19 10:34:54,大专,507,"每年多次调薪,周末双休,五险一金,绩效奖金,带薪年假",武汉佰钧成技术有限责任公司,1000-9999人,民营,https://jobs.zhaopin.com/CC364485728J00402260105.htm,https://company.zhaopin.com/CZ364485720.htm,上海市青浦区国家会展中心,岗位要求：1.3年以上python全栈开发工作经验；如果有c，go，java经验更加好2.熟悉各种开源安全工具和组件，熟读过源码，具有研究和应用能力；3.github上有开源安全产品或有互联网项目背景优先考虑。4. Flask和django源码必须熟读80%以上，并且熟练掌握实现方法；4.热爱技术，喜欢专研开源产品工作内容：1.负责研发和维护公司内部的信息安全平台，检测、监控、阻断系统或其他全自动化工具；2.负责安全开源系统的选型、定制开发和维护推广。3.构建信息安全管理平台来固化信息安全流程；4.持久化和集中化各种孤立的商业或开源安全产品的数据；5.部署一些开源安全设备，例如基于openresty和lua的waf，cft网站等等
Python web 开发工程师,10K-15K,3-5年,2019-08-20 09:59:06,本科,506,"周末双休,补充医疗保险,五险一金,采暖补贴,交通补助",东软云科技有限公司,1000-9999人,合资,https://jobs.zhaopin.com/CC663299424J00321138307.htm,https://company.zhaopin.com/CZ663299420.htm,闵行区紫竹园英特尔现场,"1、熟练使用python，至少两至三年以上开发经验；2、熟悉常见python web框架，像django,flask等至少其中一种使用经验；3、熟悉基于restful Framework 开发api；4、熟悉前端HTML, JavaScript/JQuery ,CSS技术，能用已有的前端开源框架快速构建系统模块；5、能独挡一面，能独立完成从前端到后端整个流程的模块设计和功能实现；6、能够完成自己开发模块和他人开发模块的测试，善于沟通和有效反馈；7、Advance, big plus capability；熟悉C#， 有一年以上开发经验的优先；8、 熟悉自动化测试框架，了解STAF框架的优先。"
Python开发工程师,10K-18K,3-5年,2019-08-16 17:43:14,本科,506,"周末双休,五险一金,弹性工作,不加班,节日福利",瞬联讯通科技(北京)有限公司,1000-9999人,外商独资,https://jobs.zhaopin.com/CC230292410J00055615013.htm,http://special.zhaopin.com/bj/2012/sl040674/index.htm,浦东区,岗位职责：Python后台开发职位要求：统招本科（一本、二本）及以上学历，计算机相关专业，3年以上Python后台开发经验。1.计算机等相关专业本科及以上学历，若能力较强可放宽标准；2.扎实的计算机基础理论基础，对常见数据结构和面向对象设计有深入理解；3.熟悉Python以及Python Web开发框架如Django，flask等，具有一年及以上项目实战经验；4.熟悉MySQL/Oracle/Redis等其他一些结构化/非结构化数据库的应用；
急：高级python开发工程师,薪资面议,5-10年,2019-08-19 09:37:57,本科,504,"周末双休,五险一金,绩效奖金,全额公积金,年底双薪",中软国际科技服务有限公司深圳分公司,10000人以上,上市公司,https://jobs.zhaopin.com/CC508620126J00319474905.htm,https://company.zhaopin.com/CZ508620120.htm,上海市浦东新区福山路455号  全华信息大厦9楼（4号浦电路）,"1、 熟悉python编程，有大型项目开发经验2、 熟悉python多进程、多线程、分布式应用开发，熟悉tornado,django,web.py等网络开发框架3、 熟悉前端开发，熟悉js/css/html编写，至少熟悉一种前端框架4、 熟练使用git、svn、jira等协助工具5、 熟悉操作使用linux操作系统的，熟悉网络知识如http、tcp/ip协议6、 有开源github项目、个人博客或StackOverflow较高积分者加分。"
自动化测试(Python/shell),11K-15K,1-3年,2019-08-16 17:45:42,本科,503,,瞬联讯通科技(北京)有限公司,1000-9999人,外商独资,https://jobs.zhaopin.com/CC230292410J00153653713.htm,http://special.zhaopin.com/bj/2012/sl040674/index.htm,黄浦区,职责：1)测试用例设计与开发;2)平台功能及性能测试;3)测试执行、分析及报告;4) Bug分类和分析;资格:o 2年以上软件验证和/或开发经验;o熟悉Linux操作和shell/Python编程;有Linux内核经验者优先;o有Rtos经验，Posix优先;o需要良好的沟通技巧
pdk开发工程师python,6K-12K,1-3年,2019-08-15 19:49:12,本科,501,"五险一金,年底双薪,带薪年假,定期体检",中国科学院上海微系统与信息技术研究所,500-999人,事业单位,https://jobs.zhaopin.com/CC191763027J00292821407.htm,http://special.zhaopin.com/sh/2010/sim102822/index.htm,长宁路865号,岗位职责：负责定制集成电路设计EDA过程中编程技术支持要求：1.熟悉python/tcl/perl语言，实现pdk开发和验证的自动化；其他流程自动化过程中小程序开发的支持；2.使用skill语言独立开发超导pdk library；32.掌握cadence virtuoso工具，独立完成pdk的验证工作。
python高级开发工程师（金融科技）,15K-20K,5-10年,2019-08-16 13:53:03,本科,496,"周末双休,年终分红,餐补,交通补助,补充医疗保险",交银企业管理服务(上海)有限公司张江高科技园区分公司,1000-9999人,其它,https://jobs.zhaopin.com/CC214460312J00277356408.htm,https://special.zhaopin.com/Flying/Society/20190816/21446031_13200672_ZL09274/index.html,钦江路333号,主要职责：1、 负责项目/任务的功能设计，根据开发进度和任务分配，完成相应的模块设计及功能开发。2、 负责现有系统的BUG修复以及系统运营过程中发现的技术问题。3、 负责相关技术文档的编写及维护工作。岗位要求：1、 本科及以上学历，5年及以上工作经验。2、 有责任感、可承受多任务的工作压力，有复杂业务系统开发工作经验者优先。3、 需精通python、JAVA、redis、postgresql或mysql中至少2项。4、 熟练使用常规的Linux系统操作命令及相关软件。5、 良好的适应能力和解决问题的能力，有快速学习和掌握知识技能的能力。
python开发工程师,10K-15K,1-3年,2019-08-15 18:06:53,本科,494,"五险一金,绩效奖金,餐补,通讯补助,带薪年假",全美在线(北京)教育科技股份有限公司,500-999人,上市公司,https://jobs.zhaopin.com/298708335250309.htm,https://company.zhaopin.com/CZ298708330.htm,浦东软件园三期博云路36号,岗位职责：1、 负责互联网网站产品开发；2、 参与产品设计、架构设计和代码编写；3、 负责问题排查、调试、性能调优等开发相关工作。岗位要求：1、 本科及以上学历，计算机相关专业；2、 学习能力强；3、 精通Python，有2年以上开发经验；4、 熟悉Flask、Django等主流开发框架 ；5、 了解HTML5，JavaScript，CSS3 等前端技术；6、 熟悉MySQL、MongoDB数据库、数据建模、数据处理调优；7、 熟悉Linux环境下的开发环境；8、 熟练掌握git代码管理工具和敏捷开发流程；9、 习惯阅读英文技术文档；10、富有团队合作精神，乐于接受挑战，能承受工作压力。
python开发工程师,8K-10K,1-3年,2019-08-12 20:19:14,大专,493,"五险一金,年底双薪,带薪年假,员工旅游,节日福利",上海蜗兴科技有限公司,20-99人,民营,https://jobs.zhaopin.com/CC839265400J00260949205.htm,https://company.zhaopin.com/CZ839265400.htm,上海市浦东新区张江高科技园区张东路1761号创企天地4号楼5楼,任职要求：1、计算机相关专业大专及以上学历；2、有Python开发经验，熟悉Django、SQLAichemy等框架；3、熟悉SQL能进行简单的数据统计、分析；4、熟悉Web前端技能，包括HTML/CSS/JavaScript；5、对Web后端技术架构有基本的理解；6、有良好的团队合作精神，有责任感，有较好的沟通能力；7、喜欢尝试新的技术，对技术趋势和思路上能提出自己的见解。岗位职责：1、参与公司网站开发、维护、实施、测试；2、负责现有网站的维护和升级；3、负责解决开发过程中的技术问题；4、根据开发规范与流程独立完成编码、测试及相关文档；福利待遇：1、丰富多彩的集体活动（员工旅游，节日聚会，生日趴，年会等等。）2、入职购买五险一金、周末双休、员工旅游、员工体检、带薪年假。
python开发经理（金融科技）,15K-20K,5-10年,2019-08-16 13:52:10,本科,492,"周末双休,年终分红,餐补,交通补助,补充医疗保险",交银企业管理服务(上海)有限公司张江高科技园区分公司,1000-9999人,其它,https://jobs.zhaopin.com/CC214460312J00286744308.htm,https://special.zhaopin.com/Flying/Society/20190816/21446031_13200672_ZL09274/index.html,钦江路333号,主要职责：1、 负责项目或任务的功能设计，根据开发进度和任务分配，完成相应的模块设计及功能开发。2、 负责现有系统的BUG修复以及系统运营过程中发现的技术问题。3、 负责相关技术文档的编写及维护工作。岗位要求：1、 本科及以上学历，5年及以上工作经验。2、 有责任感、可承受多任务的工作压力，有复杂业务系统开发工作经验者优先。3、 需精通python、JAVA、redis、postgresql或mysql中至少2项。4、 熟练使用常规的Linux系统操作命令及相关软件。5、 良好的适应能力和解决问题的能力，有快速学习和掌握知识技能的能力。
Python工程师,6K-8K,不限,2019-08-15 13:41:57,大专,492,"五险一金,绩效奖金,节日福利,交通补助",上海集钢电子商务有限公司,100-499人,民营,https://jobs.zhaopin.com/399612635354232.htm,https://company.zhaopin.com/CZ399612630.htm,,
Python工程师,6K-8K,不限,2019-08-15 17:07:02,大专,492,"五险一金,包吃,包住,14薪,无试用期",上海怡科信息科技有限公司,500-999人,民营,https://jobs.zhaopin.com/562244523362330.htm,https://company.zhaopin.com/CZ562244520.htm,就近安排,岗位职责:1.后端实现，保障稳定性、性能。包括需求分析分解、设计、开发;2.与产品其他部分联动，使用规范的流程思维，定义接口设计并跟进完成;3.处理服务端开发中的常见问题;任职要求:1.计算机等相关专业的专科以上学历；2.熟练使用 Python 及 Linux环境，Redis、MySQL数据；3.熟悉敏捷开发；4.具备良好的团队合作和沟通能力，具备良好的学习钻研能力；5.优越的办公环境，朝九晚六周末双休，提供企业级的岗前培养福利；
python开发工程师,6K-12K,3-5年,2019-08-19 11:37:28,大专,492,"周末双休,五险一金,年底双薪",三门峡崤云安全服务有限公司,20-99人,国企,https://jobs.zhaopin.com/CC701650830J00206861911.htm,https://company.zhaopin.com/CZ701650830.htm,河南省三门峡市开发区传媒大厦七楼,岗位职责：1.项目的架构设计，核心模块的开发工作；2. 系统需求分析与设计，并负责完成核心代码，接口规范制定;3. 后台系统新需求的开发；4. 产品运营系统设计与核心模块开发；5. 负责公司WEB后台管理系统的开发、优化、维护6. 善于沟通和逻辑表达，良好的团队合作精神和积极主动的沟通意识7. 持续关注新技术，引入并优化前端的质量、性能、用户体验8. 遵循公司安全标准，并确保按时按质按量完成代码实现和单元测试岗位要求：1.精通python开发，3年以上开发经验;2. 精通linux系统高并发开发4. 熟悉python扩展模块优先5. 熟悉HTML5/CSS3/JavaScript等前端技术优先6. 熟练vue/iview等前端技术优先8. 任心强，良好的沟通能力以及团队协作能力。
python开发,10K-17K,3-5年,2019-08-16 17:50:10,本科,491,"五险一金,绩效奖金,弹性工作,定期体检",亚创(上海)工程技术有限公司,10000人以上,外商独资,https://jobs.zhaopin.com/CC322742114J00218735704.htm,https://company.zhaopin.com/CZ322742110.htm,长宁区天山西路1068号,"Project & Job Description:CNOMis a GUI-based application, it is developed to simplify telecommunicationoperators network operation and management, such as Network Monitoring, HealthCheck, Troubleshooting and UE trace, etc.Thisrole requires the candidate to work on both frontend and backend webapplication development and experience in packet core node is a plus.Responsibilities:Involve in whole softwaredevelopment phases, include design, testing, integration and documentation.Work together withproduct owner and team members to develop new features to fulfill productneeds, build better and faster development and testing process.Collect feedback from stakeholdersand continuously improve the product.Qualifications:Degree in Computer Science or     comparable qualification.Advanced Python development skill.Ability to do full stack development.Experience with JavaScript, HTML, CSS,better to have experience with modern web framework such as Vuejs, Angularjs,Reactjs, etc.Good understanding offrontend modular design.The experience with Nodejs and MongoDB     is preferred.Good knowledge of system     administration on Linux systems.Great communication and teamcollaboration skills.Open minded, critical thinking and     innovative spirit.Self-motivated and result oriented.Good oral and written English.Experience with Packet Core network     knowledge, able to manage/troubleshooting on SGSN-MME/EPG is a plus.Knowledge of web security and     understanding of networking protocols and services is a plus."
Python开发工程师(001547),15K-30K,3-5年,2019-08-14 13:07:31,本科,490,"餐补,弹性工作,绩效奖金,五险一金,补充医疗保险",奇安信科技集团股份有限公司,1000-9999人,其它,https://jobs.zhaopin.com/CC246362737J00156259113.htm,https://company.zhaopin.com/CZ246362730.htm,,
python工程师-上海,12.5K-25K,3-5年,2019-08-20 14:09:09,本科,490,"五险一金,通讯补助,餐补,带薪年假,补充医疗保险",北京神州新桥科技有限公司,500-999人,民营,https://jobs.zhaopin.com/CC120101090J00159533215.htm,https://company.zhaopin.com/CZ120101090.htm,浦东新区,"岗位职责:1.负责api应用的设计，开发，测试和发布。 搭建系统开发环境，完成系统代码的编写；2.负责系统架构的设计，组件的选型，文档的编写；3.参与数据etl设计开发；4.负责公司应用系统的日常维护。岗位要求：1.优秀本科学校毕业，及以上学历，计算机相关专业；2.精通Python开发，3年以上Python项目研发经验，至少有2个以上独立项目经验。熟悉http，https协议，熟悉tcp协议，熟悉常用存储系统:MySQL、Redis等；熟悉kafka或者其他同类产品 熟悉Unix/Linux系统； 熟悉常用数据结构和算法；3.熟悉Django web，django restful开发测试框架。有实际项目经验者优先。有较强的学习，沟通和团队协作能力。能独立完成任务；4.熟练使用python的常用库，熟悉Numpy，pandas；5.熟悉linux 操作系统，能够熟练进行软件安装，系统管理；6.至少熟悉一种常用的如cdh 、星环、华为大数据平台，能够独立完成平台的搭建；7. 熟悉常用的大数据组件hive ，hbase,impala,hdfs,hue,spark,yarn,等组件的使用和工作原理；8.熟悉常用的关系型数据库mysql,oracle等，熟练编写常用的sql；9. 熟悉Python的高级特性，深入理解各种设计模式和应用场景；10. 热爱软件研发工作，学习能力强。"
python开发工程师,15K-20K,3-5年,2019-08-14 16:58:26,本科,485,"弹性工作,五险一金,绩效奖金,股票期权,年底双薪",北京翼佰易环保科技服务有限公司,100-499人,民营,https://jobs.zhaopin.com/CC686233830J00164558812.htm,https://company.zhaopin.com/CZ686233830.htm,黄兴路1800号东方蓝海国际广场,岗位职责：1. 负责基于Python的数据爬取、数据分析、数据处理、数据开发等工作；2. 负责基于Python/Java机器学习模型封装、部署、上线，并负责测试和维护；3. 参与数据挖掘和建模岗位要求：1. 本科及以上学历，计算机，电子信息工程及相关专业毕业；2. 精通Python，熟练掌握Java和SQL（必备），有常用开源框架使用经验，熟悉常见的缓存技术；3. 掌握多线程、多进程编程，具备优秀的编程能力，在常用功能实现方面有自己独到的设计；4. 学习领悟能力强，具备高度的责任心及团结协作精神，善于交流；5. 具有相关开发经验者优先；
量化模型开发人员(python/R),10K-15K,3-5年,2019-08-15 16:41:13,大专,484,"五险一金,员工旅游,节日福利,大牛带队",深圳麦亚信科技股份有限公司,100-499人,上市公司,https://jobs.zhaopin.com/CC254499910J00317979008.htm,https://company.zhaopin.com/CZ254499910.htm,,
python高级工程师 上海,10K-20K,3-5年,2019-08-20 11:45:55,本科,484,"五险一金,年底双薪,全勤奖,绩效奖金,带薪年假",亚信科技(中国)有限公司,10000人以上,民营,https://jobs.zhaopin.com/CC139131348J00190615013.htm,https://company.zhaopin.com/CZ139131340.htm,康桥镇杨高南路5678弄中国电信信息园,"1. 本科以上学历，3年以上Python相关经验；2. 熟练使用正则表达式、css path、xpath等，能够从结构化的和非结构化的数据中获取信息；3. 熟练使用MySQL数据库，掌握redis、mongodb、hive等常用nosql技术并具有实战经验；4. 熟悉各种抓取框架，有scrapy,splash和selenium之一项目经验；5、熟悉Git，Jenkins、Jira等工具和集成5. 熟悉整个爬虫的设计及实现流程，有从事网络爬虫、网页信息抽取开发经验，熟悉反爬虫技术，有分布式爬虫架构经验；6. 快速学习能力，工作积极主动，有创业热情和良好的团队协助能力；"
python高级讲师,20K-30K,5-10年,2019-08-14 14:07:40,本科,482,"五险一金,年底双薪,带薪年假,定期体检,员工旅游",上海蜗兴科技有限公司,20-99人,民营,https://jobs.zhaopin.com/CC839265400J00382377905.htm,https://company.zhaopin.com/CZ839265400.htm,上海市浦东新区张江高科技园区张东路1761号创企天地4号楼5楼,1. 熟悉Python语言的基本使用以及各种高级特性。2. 熟悉常见算法的python实现。3. 熟悉各种常见网络协议。4. 具有清晰的逻辑思维能力，较好的沟通表达能力，能够将问题深入浅出地讲解出来。以下三种方向至少要求擅长一个。擅长2个方向以上者优先考虑Python web方向：1. 熟悉常见的前端开发技术，如JS、HTML、CSS及各种常见前端框架。2. 熟练使用Python常见web开发框架，如Django、Flask，并且有实际项目开发经验。3. 熟悉Restful接口协议，熟练设计各端基于RestFul的接口，熟悉Django和Flask的Restful framework。4. 熟练使用各种常见数据库，如Mysql，redis等。5. 熟悉Linux系统常用命令、系统部署、持续集成等。Python爬虫方向：1. 熟练使用Python爬虫爬取主流网站信息数据。2. 熟悉各种常见的反爬措施及应对方法。3. 熟悉Scrapy等常见商用爬虫框架的使用，并且有实际项目使用经验。4. 熟悉分布式爬虫原理及实现，能够对爬虫爬取效率进行优化和提高。1. 熟悉数据分析工作流程并具有实际数据分析工作经验。2. 熟悉数据分析常见三大工具使用。3. 熟悉数据清洗、整理、建模及可视化操作。4. 熟悉机器学习常见算法。熟悉深度学习常见算法，有使用Tensorflow进行图片识别或自然语言识别方面的
影像识别开发工程师(python，英语会话熟练),10K-15K,不限,2019-08-12 00:46:14,硕士,480,"五险一金,加班补助,带薪年假,定期体检,试用期全额",大连智桥科技有限公司,20-99人,民营,https://jobs.zhaopin.com/CC825034000J00168494709.htm,https://company.zhaopin.com/CZ825034000.htm,市区内,"职责描述：1. 开展计算机视觉/深度学习/图像识别等相关领域研究和开发工作；2. 负责或参与机器学习平台搭建，包括深度学习和图像处理等；3. 相关算法说明文档，测试报告，专利说明书的编写4. 完成相关算法的程序和测试程序的开发任职要求：1.计算机、电子、自动化、数学等相关专业研究生以上学历。2.有较强的算法分析和实现能力，熟练掌握Python编程语言3.熟悉传统的计算机视觉理论，熟悉OpenCV库，4.熟悉机器学习、深度学习、计算机视觉方向的理论和算法。熟练掌握图像处理和模式识别的基本算法，并在如下一个或多个相关方向有深入研究：目标检测、目标跟踪、目标识别、几何图像校正、图像特征提取、图像分割和图像质量评价等；5. 有GPU, CUDA并行计算开发经验，有编写深度学习算法的丰富实践经验；6.熟悉至少一种深度学习框架(TensorFlow/Caffe/MXNet/PyTorch/Keras/Theano等)7.在图像识别、目标检测、图像分割有一项或多项的项目经验，在视频分析中，有参加人的属性和行为分析，以及运动目标轨迹分析等项目开发经验者优先；8.良好的分析和解决问题的能力，对前沿技术有热情，有良好的团队合作精神"
Python后端开发工程师,20K-30K,3-5年,2019-08-13 09:16:30,本科,476,"五险一金,弹性工作,创业公司,定期团建,公司重点项目",上海埃摩森企业管理咨询有限公司,500-999人,民营,https://jobs.zhaopin.com/CC200825211J00315134402.htm,http://special.zhaopin.com/sh/2011/ams122829/index.html,河南南路,"工作职责- 负责Karbon与银行后台的对接- 深入理解业务，主导架构设计以及核心开发工作- 负责相关技术基础架构的设计与搭建，提升工程效率岗位要求- 计算机科学学士或同等学历- 3年以上后端开发经验- 熟悉Python，了解Python语言特性，2年以上Django框架经验，熟悉常用的第三方项目（如DRF，Pandas等），有异步框架/Websocket或其他语言(如golang,Lua)经验更好。熟悉git以及Linux 的日常操作。- 较强的业务分析以及数据建模能力，熟悉主流关系型数据库开发以及调优，有NoSQL数库/Redis相关经验。有数据分析经验更好。- 熟悉Restful 以及RPC等架构风格，Web API接口设计经验丰富。对微服务架构，分布式开发有基本了解- 数据结构以及算法基础扎实，了解常用的设计模式和设计原则，代码简洁，熟悉性能调优方法。- 编程能力强，知道如何保证开发质量。- 本科以上学历，能够进行基本英语读写以及沟通能力。- 有团队合作精神。"
Python技术支持工程师（上海）,10K-20K,1-3年,2019-08-12 16:53:26,本科,476,"创业公司,带薪年假,弹性工作,五险一金,周末双休",北京推想科技有限公司,100-499人,民营,https://jobs.zhaopin.com/CC342866582J00163822709.htm,https://company.zhaopin.com/CZ342866580.htm,,
Python开发工程师,10K-15K,1-3年,2019-08-20 08:54:32,本科,470,"五险一金,周末双休,带薪年假,节日福利",重庆软维科技有限公司,100-499人,民营,https://jobs.zhaopin.com/CC447211938J00303343002.htm,https://company.zhaopin.com/CZ447211930.htm,浦东南路528号,掌握Pyhton的web开发技术，熟练掌握Django框架技术；相关工作经验 1-2年；沟通能力强，愿意驻场工作
测试开发工程师（python）,7K-11K,1-3年,2019-08-20 16:25:46,本科,468,"五险一金,周末双休,定期体检,节日福利,带薪年假",赫里普(上海)信息科技有限公司,20-99人,合资,https://jobs.zhaopin.com/CC341813734J00128163306.htm,https://company.zhaopin.com/CZ341813730.htm,浦东新区榕桥路555号,岗位职责：部门工具开发及维护岗位需求：1.基本的编程能力，熟悉C、C++、Java、C#、python等中一种或多种语言2.有自动化测试软件或工具开发的项目经历3.熟悉ALM或Jenkins者优先4.本科及以上学历5.较好的沟通能力及团队合作能力
python开发助理 双休,6K-8K,不限,2019-08-20 09:22:36,大专,466,"周末双休,五险一金,年底双薪,绩效奖金,全勤奖",上海煜喜环保科技有限公司,100-499人,不限,https://jobs.zhaopin.com/CZ714068380J00122156907.htm,https://company.zhaopin.com/CZ714068380.htm,,
python开发助理,8K-10K,不限,2019-08-20 09:32:45,大专,465,"五险一金,年底双薪,绩效奖金,包住,餐补",上海安秉信息技术有限公司,500-999人,民营,https://jobs.zhaopin.com/CZ784983780J00324836203.htm,https://company.zhaopin.com/CZ784983780.htm,,
python工程师,8K-10K,不限,2019-08-20 09:22:25,大专,463,"周末双休,五险一金,年底双薪,绩效奖金,全勤奖",上海煜喜环保科技有限公司,100-499人,不限,https://jobs.zhaopin.com/CZ714068380J00148506807.htm,https://company.zhaopin.com/CZ714068380.htm,,
Python工程师,8K-10K,1-3年,2019-08-20 09:22:24,大专,463,"周末双休,五险一金,全勤奖,绩效奖金,年底双薪",上海煜喜环保科技有限公司,100-499人,不限,https://jobs.zhaopin.com/CZ714068380J00151990807.htm,https://company.zhaopin.com/CZ714068380.htm,,
急招Python开发助理+福利好待遇好,6K-8K,不限,2019-08-20 09:22:32,大专,463,"周末双休,五险一金,年底双薪,绩效奖金,全勤奖",上海煜喜环保科技有限公司,100-499人,不限,https://jobs.zhaopin.com/CZ714068380J00126201907.htm,https://company.zhaopin.com/CZ714068380.htm,,
初级Python开发工程师,6K-8K,不限,2019-08-20 09:22:33,大专,463,"周末双休,五险一金,年底双薪,绩效奖金,全勤奖",上海煜喜环保科技有限公司,100-499人,不限,https://jobs.zhaopin.com/CZ714068380J00124285207.htm,https://company.zhaopin.com/CZ714068380.htm,,
Python开发工程师（双休）,8K-10K,不限,2019-08-20 09:19:35,大专,462,"五险一金,年底双薪,绩效奖金,不加班,节日福利",上海露善文化传播有限公司,100-499人,民营,https://jobs.zhaopin.com/CC872325800J00349251105.htm,https://company.zhaopin.com/CZ872325800.htm,,
python开发,6K-8K,不限,2019-08-20 09:22:18,大专,462,"周末双休,五险一金,年底双薪,绩效奖金,全勤奖",上海煜喜环保科技有限公司,100-499人,不限,https://jobs.zhaopin.com/CZ714068380J00333659107.htm,https://company.zhaopin.com/CZ714068380.htm,,
python前端开发工程师,10K-20K,3-5年,2019-08-14 19:50:30,本科,462,"员工旅游,五险一金,包吃,包住,年终分红",上海益者信息科技有限公司,20人以下,民营,https://jobs.zhaopin.com/CZ828678070J00251838908.htm,https://company.zhaopin.com/CZ828678070.htm,,
初级Python开发工程师,6K-8K,不限,2019-08-20 09:22:34,大专,462,"周末双休,五险一金,年底双薪,绩效奖金,全勤奖",上海煜喜环保科技有限公司,100-499人,不限,https://jobs.zhaopin.com/CZ714068380J00123696607.htm,https://company.zhaopin.com/CZ714068380.htm,,
Python开发工程师,10K-20K,不限,2019-08-14 10:54:56,本科,462,五险一金,北京金色华勤数据服务有限公司,100-499人,民营,https://jobs.zhaopin.com/428715824251194.htm,https://company.zhaopin.com/CZ428715820.htm,,
Python开发工程师,4K-6K,不限,2019-08-20 09:32:43,大专,462,"五险一金,年底双薪,绩效奖金,年终分红,餐补",上海安秉信息技术有限公司,500-999人,民营,https://jobs.zhaopin.com/CZ784983780J00324805203.htm,https://company.zhaopin.com/CZ784983780.htm,徐汇软件园,"1. 承担公司金融项目交易平台系统平台的架构研发，测试，维护；2. 负责详细设计文档编写，需求对接等；3. 根据公司技术架构，从事前沿技术研究。任职要求：1. 大专及以上学历，计算机及相关专业，1年及以上工作经验；2. 熟悉数据库，mysql,等；3. 优秀的沟通和表达能力，清楚的表达个人想法、理解他人观点，具备团队合作意识和推动协作达成的能力。"
python开发,10K-15K,3-5年,2019-08-15 18:06:54,本科,461,"五险一金,绩效奖金,餐补,通讯补助,带薪年假",全美在线(北京)教育科技股份有限公司,500-999人,上市公司,https://jobs.zhaopin.com/CC298708335J00114681915.htm,https://company.zhaopin.com/CZ298708330.htm,,
Python数据分析师助理,6K-8K,不限,2019-08-17 15:20:45,大专,460,"五险一金,绩效奖金,年底双薪,加班补助,带薪年假",知才(上海)信息技术有限公司,100-499人,国企,https://jobs.zhaopin.com/CC811211310J00265132004.htm,https://company.zhaopin.com/CZ811211310.htm,,
自动化测试工程师（python）,15K-20K,1-3年,2019-08-12 12:15:36,本科,460,"五险一金,年底双薪,带薪年假,试用期全额,大牛带队",北京柯莱特科技有限公司,1000-9999人,外商独资,https://jobs.zhaopin.com/CC120179637J00157207215.htm,https://company.zhaopin.com/CZ120179630.htm,,
python开发,8K-10K,1-3年,2019-08-20 09:44:34,本科,460,"绩效奖金,节日福利,带薪年假,全勤奖,周末双休",大查柜(上海)网络科技有限公司,500-999人,民营,https://jobs.zhaopin.com/CC424988530J00233791506.htm,https://company.zhaopin.com/CZ424988530.htm,,
python开发工程师（上海）,12K-18K,3-5年,2019-08-19 10:18:09,大专,460,"五险一金,绩效奖金,带薪年假,弹性工作,员工旅游",深圳市芒柠科技有限公司,20-99人,民营,https://jobs.zhaopin.com/CC466965980J00235529507.htm,https://company.zhaopin.com/CZ466965980.htm,,
python工程师(03),12K-18K,3-5年,2019-08-15 12:06:33,本科,460,"周末双休,五险一金,年底双薪,加班补助,节日福利",上海复深蓝软件股份有限公司,1000-9999人,上市公司,https://jobs.zhaopin.com/CC157840524J00190467905.htm,http://special.zhaopin.com/pagepublish/15784052/index.html,,
python工程师,10K-15K,1-3年,2019-08-20 09:44:30,大专,460,"五险一金,节日福利,周末双休,带薪年假,定期团建",大查柜(上海)网络科技有限公司,500-999人,民营,https://jobs.zhaopin.com/CC424988530J00186086906.htm,https://company.zhaopin.com/CZ424988530.htm,,
Python大数据开发工程师,15K-20K,3-5年,2019-08-19 10:36:07,本科,460,"五险一金,带薪年假,弹性工作,节日福利,定期体检",厦门启昂科技有限公司,20-99人,民营,https://jobs.zhaopin.com/CC448849235J00308270704.htm,https://company.zhaopin.com/CZ448849230.htm,,
日语Java/Python开发工程师-初级,5K-10K,不限,2019-08-20 22:48:57,本科,459,"加班补助,包住,交通补助,房补,住房补贴",Uniqsys优尼卡日本株式会社,20-99人,外商独资,https://jobs.zhaopin.com/CC842910190J00180734204.htm,https://company.zhaopin.com/CZ842910190.htm,,
Python 数据科学家,12K-18K,无经验,2019-08-19 08:40:21,本科,459,"五险一金,年终分红,员工旅游,高温补贴,带薪年假",上海博佳医药科技有限公司,20-99人,民营,https://jobs.zhaopin.com/CC184741610J00265500502.htm,https://company.zhaopin.com/CZ184741610.htm,,
python开发,12K-18K,3-5年,2019-08-14 10:19:06,大专,459,"加班补助,弹性工作,定期体检,员工旅游,节日福利",苏州博纳讯动软件有限公司,100-499人,民营,https://jobs.zhaopin.com/CC581369222J00372736903.htm,https://company.zhaopin.com/CZ581369220.htm,,
高级Python开发工程师,15K-25K,5-10年,2019-08-19 18:06:27,本科,459,"五险一金,年底双薪,餐补,带薪年假,节日福利",上海财联社金融科技有限公司,100-499人,国企,https://jobs.zhaopin.com/CC585544520J00357064905.htm,https://company.zhaopin.com/CZ585544520.htm,徐汇区虹桥路3号港汇中心2座16楼,基本要求:1. 有Python开发经验；2. 计算机相关专业本科及以上学历，5年以上工作经验；3. 熟悉Unix/Linux系统，Shell编程；4. 熟悉常用数据结构和算法；5. 熟悉MySQL、mongodb数据库；6. 熟悉Redis及常用队列中间件，有相关实践经验；7. 熟悉面向对象编程，具备架构能力8. 具备的良好代码规范，有高性能大容量系统架构设计和推进实施经验，能有效协调各方资源；有大数据开发经验者优先
Python数据分析师,6K-10K,不限,2019-08-14 13:15:01,大专,458,"五险一金,绩效奖金,交通补助,餐补,带薪年假",上海华依科技集团股份有限公司,100-499人,民营,https://jobs.zhaopin.com/CC531791680J00417173601.htm,https://company.zhaopin.com/CZ531791680.htm,,
Python开发工程师（上海）,10K-15K,1-3年,2019-08-19 10:17:24,大专,457,"五险一金,补充医疗保险,定期体检,年底双薪,绩效奖金",深圳市芒柠科技有限公司,20-99人,民营,https://jobs.zhaopin.com/466965980250056.htm,https://company.zhaopin.com/CZ466965980.htm,,
Python 后端开发工程师,15K-20K,5-10年,2019-08-12 09:33:05,本科,457,"五险一金,年底双薪,全勤奖,餐补,交通补助",铨融(苏州)医药科技开发有限公司,20-99人,民营,https://jobs.zhaopin.com/CZ398526280J00398468505.htm,https://company.zhaopin.com/CZ398526280.htm,,
Python讲师,20K-30K,3-5年,2019-08-14 13:03:47,大专,456,"五险一金,绩效奖金,交通补助,带薪年假,弹性工作",北京千锋互联科技有限公司,500-999人,民营,https://jobs.zhaopin.com/390261416251835.htm,https://company.zhaopin.com/CZ390261410.htm,,
自动化实施（shell/python）,8K-10K,1-3年,2019-08-16 13:23:43,本科,456,"节日福利,定期体检,补充医疗保险,交通补助,通讯补助",北京中亦安图科技股份有限公司,100-499人,民营,https://jobs.zhaopin.com/CC148106168J00040895811.htm,https://company.zhaopin.com/CZ148106160.htm,,
python开发工程师,10K-15K,3-5年,2019-08-13 16:31:51,大专,456,"五险一金,带薪年假,通讯补助,员工旅游,绩效奖金",上海驰擎商务咨询有限公司,20人以下,民营,https://jobs.zhaopin.com/CZ630085630J00275117804.htm,https://company.zhaopin.com/CZ630085630.htm,,
Python开发工程师（证券）,薪资面议,1-3年,2019-08-19 09:58:14,本科,456,"大平台,专业团队,互联网金融,节日福利",东方财富信息股份有限公司,1000-9999人,上市公司,https://jobs.zhaopin.com/CC152251416J00288775606.htm,http://special.zhaopin.com/sh/2013/dfcf011026,,
Python开发工程师,10K-15K,1-3年,2019-08-19 18:06:27,本科,455,"五险一金,年底双薪,餐补,带薪年假,节日福利",上海财联社金融科技有限公司,100-499人,国企,https://jobs.zhaopin.com/CC585544520J00357061905.htm,https://company.zhaopin.com/CZ585544520.htm,,
python开发工程师（上海）,10K-18K,1-3年,2019-08-19 10:04:18,大专,455,"五险一金,年底双薪,绩效奖金,带薪年假,弹性工作",深圳市八斗才数据有限公司,20-99人,民营,https://jobs.zhaopin.com/562550032250050.htm,https://company.zhaopin.com/CZ562550030.htm,,
python开发工程师（上海）,10K-15K,1-3年,2019-08-19 10:20:37,本科,454,"五险一金,年底双薪,绩效奖金,交通补助,通讯补助",深圳市前海谷雨网络科技有限公司,20-99人,民营,https://jobs.zhaopin.com/544024686250049.htm,https://company.zhaopin.com/CZ544024680.htm,,
自动化测试工程师（Python+Selenium）,11K-15K,3-5年,2019-08-19 11:22:17,本科,453,"餐补,通讯补助,员工旅游,节日福利,年底双薪",北京元年科技股份有限公司,500-999人,上市公司,https://jobs.zhaopin.com/CC155417417J00164525714.htm,https://company.zhaopin.com/CZ155417410.htm,,
赴日java/Python软件开发-日语必须 ,15K-30K,不限,2019-08-20 22:48:34,本科,453,,Uniqsys优尼卡日本株式会社,20-99人,外商独资,https://jobs.zhaopin.com/CC842910190J00181379304.htm,https://company.zhaopin.com/CZ842910190.htm,,
Python开发工程师-上海-01937,15K-20K,3-5年,2019-08-14 14:27:42,本科,452,"五险一金,绩效奖金,加班补助,带薪年假",京北方信息技术股份有限公司上海分公司,1000-9999人,民营,https://jobs.zhaopin.com/CC530679920J00449612201.htm,https://company.zhaopin.com/CZ530679920.htm,,
python开发工程师,20K-25K,3-5年,2019-08-13 11:58:59,本科,452,"五险一金,绩效奖金,带薪年假,弹性工作,补充医疗保险",智慧芽信息科技(苏州)有限公司北京分公司,500-999人,外商独资,https://jobs.zhaopin.com/CC337566082J00188296413.htm,https://company.zhaopin.com/CZ337566080.htm,,
Python爬虫工程师,15K-20K,3-5年,2019-08-15 09:57:43,本科,452,"五险一金,节日福利",上海慧住信息科技有限公司,100-499人,民营,https://jobs.zhaopin.com/CC844880780J00397736207.htm,https://company.zhaopin.com/CZ844880780.htm,,
Python开发工程师,15K-25K,3-5年,2019-08-12 18:17:57,本科,452,"五险一金,绩效奖金,餐补,带薪年假,弹性工作",上海微创医疗器械(集团)有限公司,1000-9999人,外商独资,https://jobs.zhaopin.com/CC120538502J00382387003.htm,http://special.zhaopin.com/2010/sh/wcyl032304/index.html,,
python开发工程师,10K-18K,1-3年,2019-08-16 16:46:43,本科,451,"五险一金,绩效奖金,股票期权,加班补助,包吃",上海联元智能科技有限公司,20-99人,民营,https://jobs.zhaopin.com/CC490687230J00307115704.htm,https://company.zhaopin.com/CZ490687230.htm,,
python高级大数据开发工程师,15K-20K,3-5年,2019-08-16 13:56:10,本科,444,"五险一金,补充医疗保险,定期体检,绩效奖金,餐补",阿基米德(上海)传媒有限公司,20-99人,国企,https://jobs.zhaopin.com/CZ303024380J00060343007.htm,https://company.zhaopin.com/CZ303024380.htm,,
高级 Python 工程师,15K-20K,1-3年,2019-08-13 09:49:58,本科,444,"五险一金,年终分红",深圳同方以衡基金管理有限公司,20-99人,民营,https://jobs.zhaopin.com/CZ524189930J00307691302.htm,https://company.zhaopin.com/CZ524189930.htm,,
Python开发工程师,15K-30K,5-10年,2019-08-14 15:31:23,本科,444,"五险一金,绩效奖金,定期体检,节日福利,员工旅游",纳米盒,100-499人,民营,https://jobs.zhaopin.com/27793913790250029000.htm,https://company.zhaopin.com/CZ277939130.htm,,
it实习生/应届生（java/Python开发、数据开发、产品运维）,2K-4K,不限,2019-08-09 16:24:39,本科,441,"创业公司,五险一金,健身俱乐部,带薪年假,采暖补贴",上海慧度至明信息科技有限公司,20-99人,民营,https://jobs.zhaopin.com/CZ521559630J00297120604.htm,https://company.zhaopin.com/CZ521559630.htm,,
Python开发-ERP方向-实习生,4K-6K,不限,2019-08-18 16:52:47,本科,441,"五险一金,年底双薪,绩效奖金,带薪年假,补充医疗保险",上海迈智企业管理咨询事务所,20-99人,民营,https://jobs.zhaopin.com/CC223715429J00390564807.htm,https://company.zhaopin.com/CZ223715420.htm,,
PYTHON 开发工程师,6K-12K,1-3年,2019-08-14 16:27:41,大专,440,五险一金,烟台智慧云谷云计算有限公司,100-499人,其它,https://jobs.zhaopin.com/CC426745729J00413950405.htm,https://company.zhaopin.com/CZ426745720.htm,,
